Ionescu Alex, functie 2
Ionescu Alex, functie 2
Ionescu Alex, functie 2
Ionescu Alex, functie 2
Ionescu Alex, functie 2
Ionescu Alex, functie 2
Ionescu Alex, functie 2
Ionescu Alex, functie 2
Ionescu Alex, functie 2
Ionescu Alex, functie 2
Ionescu Alex, functie 2
Ionescu Alex, functie 2
Ionescu Alex, functie 2
Ionescu Alex, functie 2
Ionescu Alex, functie 2
Ionescu Alex, functie 2
Ionescu Alex, functie 2
Ionescu Alex, functie 2
Ionescu Alex, functie 2
Ionescu Alex, functie 2
Ionescu Alex, functie 2
Ionescu Alex, functie 2
Ionescu Alex, functie 2
Ionescu Alex, functie 2
Ionescu Alex, functie 2
Ionescu Alex, functie 2
Ionescu Alex, functie 2
Ionescu Alex, functie 2
Ionescu Alex, functie 2
Ionescu Alex, functie 2
Ionescu Alex, functie 2
Ionescu Alex, functie 2
Ionescu Alex, functie 2
Ionescu Alex, functie 2
Ionescu Alex, functie 2
Ionescu Alex, functie 2
Ionescu Alex, functie 2
Ionescu Alex, functie 2
Ionescu Alex, functie 2
Ionescu Alex, functie 2
Ionescu Alex, functie 2
Ionescu Alex, functie 2
Ionescu Alex, functie 2
Ionescu Alex, functie 2
Ionescu Alex, functie 2
Ionescu Alex, functie 2
Ionescu Alex, functie 2
Ionescu Alex, functie 2
Ionescu Alex, functie 2
Ionescu Alex, functie 2
Ionescu Alex, functie 2
Ionescu Alex, functie 2
Ionescu Alex, functie 2
Ionescu Alex, functie 2
Ionescu Alex, functie 2
Ionescu Alex, functie 2
Ionescu Alex, functie 2
Ionescu Alex, functie 2
Ionescu Alex, functie 2
Ionescu Alex, functie 2
Ionescu Alex, functie 2
Ionescu Alex, functie 2
Ionescu Alex, functie 2
Ionescu Alex, functie 2
Ionescu Alex, functie 2
Ionescu Alex, functie 2
Ionescu Alex, functie 2
Ionescu Alex, functie 2
Ionescu Alex, functie 2
Ionescu Alex, functie 2
Ionescu Alex, functie 2
Ionescu Alex, functie 2
Ionescu Alex, functie 2
Ionescu Alex, functie 2
Ionescu Alex, functie 2
Ionescu Alex, functie 2
Ionescu Alex, functie 2
Ionescu Alex, functie 2
Ionescu Alex, functie 2
Ionescu Alex, functie 2
Ionescu Alex, functie 2
Ionescu Alex, functie 2
Ionescu Alex, functie 2
Ionescu Alex, functie 2
Ionescu Alex, functie 2
Ionescu Alex, functie 2
Ionescu Alex, functie 2
Ionescu Alex, functie 2
Ionescu Alex, functie 2
Ionescu Alex, functie 2
Ionescu Alex, functie 2
Ionescu Alex, functie 2
Ionescu Alex, functie 2
Ionescu Alex, functie 2
Ionescu Alex, functie 2
Ionescu Alex, functie 2
Ionescu Alex, functie 2
Ionescu Alex, functie 2
Ionescu Alex, functie 2
Ionescu Alex, functie 2
Ionescu Alex, functie 2
Ionescu Alex, functie 2
Ionescu Alex, functie 2
Ionescu Alex, functie 2
Ionescu Alex, functie 2
Ionescu Alex, functie 2
Ionescu Alex, functie 2
Ionescu Alex, functie 2
Ionescu Alex, functie 2
Ionescu Alex, functie 2
Ionescu Alex, functie 2
Ionescu Alex, functie 2
Ionescu Alex, functie 2
Ionescu Alex, functie 2
Ionescu Alex, functie 2
Ionescu Alex, functie 2
Ionescu Alex, functie 2
Ionescu Alex, functie 2
Ionescu Alex, functie 2
Ionescu Alex, functie 2
Ionescu Alex, functie 2
Ionescu Alex, functie 2
Ionescu Alex, functie 2
Ionescu Alex, functie 2
Ionescu Alex, functie 2
Ionescu Alex, functie 2
Ionescu Alex, functie 2
Ionescu Alex, functie 2
Ionescu Alex, functie 2
Ionescu Alex, functie 2
Ionescu Alex, functie 2
Ionescu Alex, functie 2
